{
  "project_info": {
    "project_number": "800829839332",
    "firebase_url": "https://planttoseer-024-default-rtdb.asia-southeast1.firebasedatabase.app",
    "project_id": "planttoseer-024",
    "storage_bucket": "planttoseer-024.appspot.com"
  },
  "client": [
    {
      "client_info": {
        "mobilesdk_app_id": "1:800829839332:android:f5bf5dcaee58c5b27819f1",
        "android_client_info": {
          "package_name": "com.example.planttoseer"
        }
      },
      "oauth_client": [
        {
          "client_id": "800829839332-2ic4b4qe3fjc28i6550g4cl0hkrvdteq.apps.googleusercontent.com",
          "client_type": 3
        }
      ],
      "api_key": [
        {
          "current_key": "AIzaSyAltFY6aJhU60J0zXhXchZPrT8Qm3U_DHg"
        }
      ],
      "services": {
        "appinvite_service": {
          "other_platform_oauth_client": [
            {
              "client_id": "800829839332-2ic4b4qe3fjc28i6550g4cl0hkrvdteq.apps.googleusercontent.com",
              "client_type": 3
            }
          ]
        }
      }
    }
  ],
  "configuration_version": "1"
}